"Name","Version","Publisher","InstallDate","UninstallCmd"
"Xamarin Remoted iOS Simulator","17.6.0.524","Xamarin","20240702","MsiExec.exe /X{EC92A7D8-1C03-4CAB-8A01-32D5EF2429F9}"
"WPTx64 (OnecoreUAP)","10.1.22621.3233","Microsoft","20240702","MsiExec.exe /I{1D1FEDA5-D45A-C685-9947-A127B647407C}"
"WPTx64 (DesktopEditions)","10.1.22621.3233","Microsoft","20240702","MsiExec.exe /I{DBD97598-BDA1-233D-708C-14FE85D60F3B}"
"WPT Redistributables","10.1.22621.3233","Microsoft","20240702","MsiExec.exe /I{A8E21603-6CBA-D168-ADF7-108A1DA16DB5}"
"Workflow Manager Tools 1.0 for Visual Studio","17.7.40616.8","Microsoft Corporation","20240702","MsiExec.exe /I{EFDBE527-0BE0-44C9-BF17-579DAC7FBAD4}"
"Workflow Manager Client 1.0","2.1.10525.2","Microsoft Corporation","20240702","MsiExec.exe /I{69CD1F2D-DF68-4E23-9108-1B70783F2855}"
"WinRT Intellisense UAP - Other Languages","10.1.22621.3233","Microsoft Corporation","20240702","MsiExec.exe /I{3C25B44A-1D95-9E5E-57E3-19D9AE3C3BC1}"
"WinRT Intellisense UAP - en-us","10.1.22621.3233","Microsoft Corporation","20240702","MsiExec.exe /I{94DE555A-B513-762F-D7C6-2B2922940641}"
"WinRT Intellisense PPI - Other Languages","10.1.22621.3233","Microsoft Corporation","20240702","MsiExec.exe /I{5EBB309A-2974-F721-42A9-0212E54B3693}"
"WinRT Intellisense PPI - en-us","10.1.22621.3233","Microsoft Corporation","20240702","MsiExec.exe /I{C5BEF528-FEAA-9607-907E-0972D86AD06F}"
"WinRT Intellisense Mobile - en-us","10.1.22621.3233","Microsoft Corporation","20240702","MsiExec.exe /I{7E99A93A-8345-8BB6-EADB-10461E81BE0F}"
"WinRT Intellisense IoT - Other Languages","10.1.22621.3233","Microsoft Corporation","20240702","MsiExec.exe /I{6430F847-9A5F-B3B8-7EEE-355F9F1CCD47}"
"WinRT Intellisense IoT - en-us","10.1.22621.3233","Microsoft Corporation","20240702","MsiExec.exe /I{44E4AFD9-74E0-9631-4CE0-E7C779624FE2}"
"WinRT Intellisense Desktop - Other Languages","10.1.22621.3233","Microsoft Corporation","20240702","MsiExec.exe /I{538E91F2-5231-E289-051F-DB55DE88CF56}"
"WinRT Intellisense Desktop - en-us","10.1.22621.3233","Microsoft Corporation","20240702","MsiExec.exe /I{B3CFDD53-69FB-E652-4F3D-D3781CF7F66E}"
"windows_toolscorepkg","17.10.34804","Microsoft Corporation","20240702","MsiExec.exe /I{8B348192-D4E4-41ED-847C-16FDA0C151D2}"
"Windows Team Extension SDK Contracts","10.1.22621.3233","Microsoft Corporation","20240702","MsiExec.exe /I{FAA6B22E-702C-2AC7-05B1-197CD7CEA21D}"
"Windows Team Extension SDK","10.1.22621.3233","Microsoft Corporation","20240702","MsiExec.exe /I{908BD5F8-E6C6-D2F6-AC09-C9F36EBC1A5F}"
"Windows Software Development Kit - Windows 10.0.22621.3233","10.1.22621.3233","Microsoft Corporation",,"""C:\ProgramData\Package Cache\{71684ad3-afc2-4a65-9d45-92ef58510f18}\winsdksetup.exe""  /uninstall"
"Windows SDK Signing Tools","10.1.22621.3233","Microsoft Corporation","20240702","MsiExec.exe /I{56E349AC-F849-A151-269B-8CFF2D14BB14}"
"Windows SDK Redistributables","10.1.22621.3233","Microsoft Corporation","20240702","MsiExec.exe /I{417DF3A3-09A1-3EAE-9F6C-5EB8DB4AD0F2}"
"Windows SDK Modern Versioned Developer Tools","10.1.22621.3233","Microsoft Corporation","20240702","MsiExec.exe /I{C65278B7-2A3B-2D88-1489-991195ECF5F2}"
"Windows SDK Modern Non-Versioned Developer Tools","10.1.22621.3233","Microsoft Corporation","20240702","MsiExec.exe /I{76D32574-2D58-5B25-A3D7-8B2CB4873306}"
"Windows SDK for Windows Store Managed Apps Libs","10.1.22621.3233","Microsoft Corporation","20240702","MsiExec.exe /I{0374E0D0-98AE-0078-841E-DE9F70EDCB90}"
"Windows SDK for Windows Store Apps Tools","10.1.22621.3233","Microsoft Corporation","20240702","MsiExec.exe /I{35552522-5930-E1A1-B1E9-FF78918E1543}"
"Windows SDK for Windows Store Apps Metadata","10.1.22621.3233","Microsoft Corporation","20240702","MsiExec.exe /I{4A130AF9-EC97-7D26-1FB0-03A0E5CC672B}"
"Windows SDK for Windows Store Apps Libs","10.1.22621.3233","Microsoft Corporation","20240702","MsiExec.exe /I{CE1B7747-A39C-46B8-EB6F-01E5262B1289}"
"Windows SDK for Windows Store Apps Headers","10.1.22621.3233","Microsoft Corporation","20240702","MsiExec.exe /I{76749279-BE8A-20AF-F257-0A79E080CF7E}"
"Windows SDK for Windows Store Apps DirectX x86 Remote","10.1.22621.3233","Microsoft Corporation","20240702","MsiExec.exe /I{5E5BB524-BA91-E7DE-4A85-11EC531AA622}"
"Windows SDK for Windows Store Apps Contracts","10.1.22621.3233","Microsoft Corporation","20240702","MsiExec.exe /I{5F1CD2CB-9C4E-BF51-9C82-DE916CA5E4AE}"
"Windows SDK for Windows Store Apps","10.1.22621.3233","Microsoft Corporation","20240702","MsiExec.exe /I{6136B5FC-9FAD-B577-C5EA-AF2D266B7293}"
"Windows SDK Facade Windows WinMD Versioned","10.1.22621.3233","Microsoft Corporation","20240702","MsiExec.exe /I{7741665B-2D3B-7E24-1014-56B62296CD88}"
"Windows SDK EULA","10.1.22621.3233","Microsoft Corporations","20240702","MsiExec.exe /I{E473E2C8-92A5-BA58-31B1-D24F923D927B}"
"Windows SDK DirectX x86 Remote","10.1.22621.3233","Microsoft Corporation","20240702","MsiExec.exe /I{8122ABB9-0148-144D-F136-C3AFF4B985DB}"
"Windows SDK DirectX x64 Remote","10.1.22621.3233","Microsoft Corporation","20240702","MsiExec.exe /I{7E23CCDF-D8BD-36F8-CB1F-1DDE0D2B3F07}"
"Windows SDK Desktop Tools x86","10.1.22621.3233","Microsoft Corporation","20240702","MsiExec.exe /I{CACD4EBA-F620-A294-1B60-3CEB0954FE02}"
"Windows SDK Desktop Tools x64","10.1.22621.3233","Microsoft Corporation","20240702","MsiExec.exe /I{BED088F5-660E-C8E2-9FF4-F652445CC5FA}"
"Windows SDK Desktop Tools arm64","10.1.22621.3233","Microsoft Corporation","20240702","MsiExec.exe /I{A4634E74-BFEE-CF6C-BF53-8D5E252FC574}"
"Windows SDK Desktop Libs x86","10.1.22621.3233","Microsoft Corporation","20240702","MsiExec.exe /I{24DAC073-46EA-ED5D-860A-845E8A27F426}"
"Windows SDK Desktop Libs x64","10.1.22621.3233","Microsoft Corporation","20240702","MsiExec.exe /I{838DC63C-34E9-9DBB-3A07-AEFC7768DC2A}"
"Windows SDK Desktop Libs arm64","10.1.22621.3233","Microsoft Corporation","20240702","MsiExec.exe /I{87CB1714-C57F-13EA-8982-8F720B44BCF3}"
"Windows SDK Desktop Libs arm","10.1.22621.3233","Microsoft Corporation","20240702","MsiExec.exe /I{2F5EB743-8C97-930F-F41E-2EC8D5D5565B}"
"Windows SDK Desktop Headers x86","10.1.22621.3233","Microsoft Corporation","20240702","MsiExec.exe /I{F50E3BAF-A09C-0730-319C-56221E12B747}"
"Windows SDK Desktop Headers x64","10.1.22621.3233","Microsoft Corporation","20240702","MsiExec.exe /I{3A928615-B22E-42B6-A30A-CB7B1135F1CF}"
"Windows SDK Desktop Headers arm64","10.1.22621.3233","Microsoft Corporation","20240702","MsiExec.exe /I{A69CD06B-FED5-81AD-3D62-38B325BAD254}"
"Windows SDK Desktop Headers arm","10.1.22621.3233","Microsoft Corporation","20240702","MsiExec.exe /I{31D517CE-04EE-F508-87C6-A503372B02A1}"
"Windows SDK ARM Desktop Tools","10.1.22621.3233","Microsoft Corporation","20240702","MsiExec.exe /I{963BD0BD-2098-D21C-AA37-39876C732819}"
"Windows SDK AddOn","10.1.0.0","Microsoft Corporation","20240702","MsiExec.exe /I{F1E37C98-16B7-421F-BA33-6C5B5400012A}"
"Windows SDK","10.1.22621.3233","Microsoft Corporation","20240702","MsiExec.exe /I{2DF27D5D-478A-CC3F-EF64-E461BC3B3580}"
"Windows Mobile Extension SDK Contracts","10.1.22621.3233","Microsoft Corporation","20240702","MsiExec.exe /I{01E7E930-A0F4-5340-5E2D-92EFC9D5821D}"
"Windows Mobile Extension SDK","10.1.22621.3233","Microsoft Corporation","20240702","MsiExec.exe /I{A3D0A593-20CD-83E6-83DE-6068053F2BDF}"
"Windows IoT Extension SDK Contracts","10.1.22621.3233","Microsoft Corporation","20240702","MsiExec.exe /I{8D92043C-84C1-368A-885F-5FD8B92200EC}"
"Windows IoT Extension SDK","10.1.22621.3233","Microsoft Corporation","20240702","MsiExec.exe /I{CFF175F4-9F1D-289D-B99E-EA6AFCF28F4E}"
"Windows Desktop Extension SDK Contracts","10.1.22621.3233","Microsoft Corporation","20240702","MsiExec.exe /I{779B6704-D2FB-9087-C7FB-0AA1586F6FCD}"
"Windows Desktop Extension SDK","10.1.22621.3233","Microsoft Corporation","20240702","MsiExec.exe /I{D6982C58-1FDC-FB2E-B55A-7329ADE7315C}"
"Windows App Certification Kit x64 (OnecoreUAP)","10.1.22621.3233","Microsoft Corporation","20240702","MsiExec.exe /I{7625FDE9-5B15-1CDF-3810-EC60A67F6D39}"
"Windows App Certification Kit x64","10.1.22621.3233","Microsoft Corporation","20240702","MsiExec.exe /I{2CF6B1B1-3D60-A198-E401-093F7BA784F0}"
"Windows App Certification Kit SupportedApiList x86","10.1.22621.3233","Microsoft Corporation","20240702","MsiExec.exe /I{C7C6D595-1045-1CDB-DDB8-F0DCB03B63B2}"
"Windows App Certification Kit Native Components","10.1.22621.3233","Microsoft Corporation","20240702","MsiExec.exe /I{750766A0-28E0-2EC0-B83C-7C6F1236B041}"
"WinAppDeploy","10.1.22621.3233","Microsoft Corporation","20240702","MsiExec.exe /I{C952A289-86CA-9322-7C44-F6E7526FD5E3}"
"vs_vswebprotocolselectormsi","17.10.34803","Microsoft Corporation","20240702","MsiExec.exe /I{66DCCE57-13F7-43AC-B16E-48EA5C89806D}"
"vs_tipsmsi","17.10.34803","Microsoft Corporation","20240702","MsiExec.exe /I{1A7360EA-1FEA-40F9-A041-3C12F6E69002}"
"vs_SQLClickOnceBootstrappermsi","17.10.34803","Microsoft Corporation","20240702","MsiExec.exe /I{B0EFBE55-C603-4EBC-9F23-FD80DBBA0D77}"
"vs_minshellx64msi","17.10.34804","Microsoft Corporation","20240702","MsiExec.exe /I{236C270A-E9DE-4DBE-901E-8FA4FF6BC6D3}"
"vs_minshellsharedmsi","17.10.34804","Microsoft Corporation","20240702","MsiExec.exe /I{E37D72E2-6E06-4F6E-96C5-95C8F0B51E6E}"
"vs_minshellmsires","17.10.34804","Microsoft Corporation","20240702","MsiExec.exe /I{4653288F-EBB6-4AAB-9BD6-E34741F0B5D0}"
"vs_minshellinteropx64msi","17.10.34803","Microsoft Corporation","20240702","MsiExec.exe /I{A203B4C7-4822-4025-BD6D-109FEEC7E466}"
"vs_minshellinteropsharedmsi","17.10.34804","Microsoft Corporation","20240702","MsiExec.exe /I{EEA6D3A0-5550-4C72-A240-6855A26F2784}"
"vs_Graphics_Singletonx86","17.10.34804","Microsoft Corporation","20240702","MsiExec.exe /I{256CD476-F11D-4281-92E4-4145E4B8D8EC}"
"vs_Graphics_Singletonx64","17.10.34804","Microsoft Corporation","20240702","MsiExec.exe /I{86881BC3-95D7-4952-A120-CC33D76A0C06}"
"vs_githubprotocolhandlermsi","17.10.34803","Microsoft Corporation","20240702","MsiExec.exe /I{7239EFF3-63C4-474B-874B-5A7364E243EE}"
"vs_FileTracker_Singleton","17.10.34804","Microsoft Corporation","20240702","MsiExec.exe /I{7E323F7D-3983-41D9-9D7F-F961D53EB7B8}"
"vs_filehandler_x86","17.10.34804","Microsoft Corporation","20240702","MsiExec.exe /I{56100714-49CB-4B21-9206-4DD1AFDDD56F}"
"vs_filehandler_amd64","17.10.34804","Microsoft Corporation","20240702","MsiExec.exe /I{D1C55BC2-6D4A-4324-A55C-CA49A8824307}"
"vs_devenx64vmsi","17.10.34803","Microsoft Corporation","20240702","MsiExec.exe /I{9171E2C0-96F0-4BC2-85EA-B881B53FDAAD}"
"vs_devenvsharedmsi","17.10.34803","Microsoft Corporation","20240702","MsiExec.exe /I{CBF99F17-F6C0-47BF-B465-027CADCA0779}"
"vs_CoreEditorFonts","17.7.40001","Microsoft Corporation","20240702","MsiExec.exe /I{1851460E-0E63-4117-B5BA-25A2F045801B}"
"vs_communityx64msi","17.10.34804","Microsoft Corporation","20240702","MsiExec.exe /I{A02B2AB5-932A-4D33-9625-DC3FFDBE5E5D}"
"vs_communitysharedmsi","17.10.34804","Microsoft Corporation","20240702","MsiExec.exe /I{30E1FE2A-3AF7-4025-8C58-7CC7A6111956}"
"vs_communitymsires","17.10.34804","Microsoft Corporation","20240702","MsiExec.exe /I{D54611B7-3B63-4310-9CC2-5E599ADD1F50}"
"vs_clickoncesigntoolmsi","17.10.34803","Microsoft Corporation","20240702","MsiExec.exe /I{72B80CCC-41B0-4C2F-BF4A-39BE0D88412A}"
"vs_clickoncebootstrappermsires","17.10.34803","Microsoft Corporation","20240702","MsiExec.exe /I{0AF58B73-7149-4591-818A-BAFE26678749}"
"vs_clickoncebootstrappermsi","17.10.34804","Microsoft Corporation","20240702","MsiExec.exe /I{0EB2372D-7C75-4AF9-953A-FE7D778552F1}"
"vs_BlendMsi","17.10.34803","Microsoft Corporation","20240702","MsiExec.exe /I{40B04196-847F-4391-8412-A970B2E78556}"
"VS WCF Debugging","17.0.125.0","Microsoft Corporation","20240702","MsiExec.exe /I{D18B3BF0-258E-454C-9B4B-4444555B9A0F}"
"VS Script Debugging Common","17.0.125.0","Microsoft Corporation","20240702","MsiExec.exe /I{D56DC014-C4C1-4330-B32B-D9785DAE7BCB}"
"VS JIT Debugger","17.0.125.0","Microsoft Corporation","20240702","MsiExec.exe /I{C17B72FB-7790-44C0-B897-9BEE0BAD5BA0}"
"VS Immersive Activate Helper","17.0.125.0","Microsoft Corporation","20240702","MsiExec.exe /I{FFFF1EAF-0FE4-4E67-82C2-CA5DB41BB093}"
"Visual Studio Community 2022","17.10.3","Microsoft Corporation","20240702","""C:\Program Files (x86)\Microsoft Visual Studio\Installer\setup.exe"" uninstall --installPath ""C:\Program Files\Microsoft Visual Studio\2022\Community"""
"Visual C++ Library CRT Desktop Appx Package","14.40.33811","Microsoft Corporation","20240702","MsiExec.exe /I{01AA2557-2373-44A8-83EE-A36BACDF9E37}"
"Visual C++ Library CRT ARM64 Appx Package","14.40.33811","Microsoft Corporation","20240702","MsiExec.exe /I{9F07CFE0-D17B-42D2-B114-4A19DFBAC907}"
"Visual C++ Library CRT Appx Resource Package","14.40.33811","Microsoft Corporation","20240702","MsiExec.exe /I{7BF51E19-72BB-4C30-AB5A-2BF587640F9F}"
"Visual C++ Library CRT Appx Package","14.40.33811","Microsoft Corporation","20240702","MsiExec.exe /I{0FDA2516-CF0D-4398-A329-937FF69796E7}"
"vcpp_crt.redist.clickonce","14.40.33810","Microsoft Corporation","20240702","MsiExec.exe /I{86A92FDF-05A2-4B6E-AEE8-EFB68E7FF6B5}"
"Universal General MIDI DLS Extension SDK","10.1.22621.3233","Microsoft Corporation","20240702","MsiExec.exe /I{D3B0EFC4-878A-CA8C-7C79-1160CDF637D1}"
"Universal CRT Tools x86","10.1.22621.3233","Microsoft Corporation","20240702","MsiExec.exe /I{384A28F5-6B08-01FB-BE75-EBC673BBCACF}"
"Universal CRT Tools x64","10.1.22621.3233","Microsoft Corporation","20240702","MsiExec.exe /I{2C897543-D940-0177-58DE-0D00653DE0B2}"
"Universal CRT Redistributable","10.1.22621.3233","Microsoft Corporation","20240702","MsiExec.exe /I{1D228B5E-62E8-737B-3478-78A795EBB8EC}"
"Universal CRT Headers Libraries and Sources","10.1.22621.3233","Microsoft Corporation","20240702","MsiExec.exe /I{D3CE43AE-FB64-9FCA-BE16-5A2F3F2B112D}"
"Universal CRT Extension SDK","10.1.22621.3233","Microsoft Corporation","20240702","MsiExec.exe /I{E9508840-8997-0DA6-2BF2-66913126B654}"
"Unity Hub 3.8.0","3.8.0","Unity Technologies Inc.",,"""C:\Program Files\Unity Hub\Uninstall Unity Hub.exe"" /allusers"
"Tabby 1.0.208","1.0.208","Eugene Pankov",,"""C:\Program Files\Tabby\Uninstall Tabby.exe"" /allusers"
"sptools_Microsoft.VisualStudio.Vsto.Msi.x64","17.6.34202","Microsoft Corporation","20240702","MsiExec.exe /I{9E0E0688-61A9-4D6C-BB04-85E5BD8397AD}"
"sptools_Microsoft.VisualStudio.Vsto.Msi.Resources","17.6.34202","Microsoft Corporation","20240702","MsiExec.exe /I{04963DF3-1E79-451D-BDCE-D88841E63AB0}"
"sptools_Microsoft.VisualStudio.Vsto.Msi","17.6.34202","Microsoft Corporation","20240702","MsiExec.exe /I{C8A7D0ED-9C7D-4715-803A-DF5417E7FB4E}"
"sptools_Microsoft.VisualStudio.OfficeDeveloperTools.Msi","16.0.29931","Microsoft Corporation","20240702","MsiExec.exe /I{26778A28-6410-4CCA-B7D4-63A23C58526F}"
"SDK ARM Redistributables","10.1.22621.3233","Microsoft Corporation","20240702","MsiExec.exe /I{B5F4C6AF-DC6F-F6A4-1087-D068F4660610}"
"SDK ARM Additions","10.1.22621.3233","Microsoft Corporation","20240702","MsiExec.exe /I{2D2C18BA-7B10-0A98-F662-9D397CAEA0C3}"
"RawTherapee version 5.10","5.10","rawtherapee.com","20240709","""C:\Program Files\RawTherapee\5.10\unins000.exe"""
"Python Launcher","3.12.4150.0","Python Software Foundation","20240625","MsiExec.exe /X{3C4935A5-B72E-4DA4-809E-0287A0BC046F}"
"Python 3.12.4 Test Suite (64-bit)","3.12.4150.0","Python Software Foundation","20240625","MsiExec.exe /I{AC669800-A797-444D-A450-A5109BBC74DE}"
"Python 3.12.4 Tcl/Tk Support (64-bit)","3.12.4150.0","Python Software Foundation","20240625","MsiExec.exe /I{71BC2876-3319-44FC-B5C5-1C0B86FC2733}"
"Python 3.12.4 Standard Library (64-bit)","3.12.4150.0","Python Software Foundation","20240625","MsiExec.exe /I{62DD7DAF-6279-46FA-A06B-C4A541244045}"
"Python 3.12.4 pip Bootstrap (64-bit)","3.12.4150.0","Python Software Foundation","20240625","MsiExec.exe /I{EFA83559-2E1E-4671-85F7-B28AA1DD08D7}"
"Python 3.12.4 Executables (64-bit)","3.12.4150.0","Python Software Foundation","20240625","MsiExec.exe /I{754A267E-52AE-4A9F-AFF4-F67EDC4B3610}"
"Python 3.12.4 Documentation (64-bit)","3.12.4150.0","Python Software Foundation","20240625","MsiExec.exe /I{AC7F58DC-CF45-4B28-9EAE-AE152C588907}"
"Python 3.12.4 Development Libraries (64-bit)","3.12.4150.0","Python Software Foundation","20240625","MsiExec.exe /I{7BFF8368-33A0-4DB3-9442-F5C881FE1B4D}"
"Python 3.12.4 Core Interpreter (64-bit)","3.12.4150.0","Python Software Foundation","20240625","MsiExec.exe /I{4F815F87-CE9F-45CF-AEDE-EDF03728F8E6}"
"Python 3.12.4 Add to Path (64-bit)","3.12.4150.0","Python Software Foundation","20240625","MsiExec.exe /I{EE615DC3-96ED-4BAD-8C76-ED4CCB561389}"
"Python 3.12.4 (64-bit)","3.12.4150.0","Python Software Foundation",,"""C:\Users\Administrator\AppData\Local\Package Cache\{fb355cb0-c07e-4095-85a7-81c5a2838da6}\python-3.12.4-amd64.exe""  /uninstall"
"Open XML SDK 2.5 for Microsoft Office","2.5.5631","Microsoft Corporation","20240702","MsiExec.exe /I{3EA16E23-14D2-466A-8268-D7CD40DC46B6}"
"Notepad++ (64-bit x64)","8.6.8","Notepad++ Team",,"""C:\Program Files\Notepad++\uninstall.exe"""
"Node.js","20.15.0","Node.js Foundation","20240625","MsiExec.exe /I{12D7A15A-E5C0-4515-BB29-F2E8866E0BF6}"
"MSYS2","20240113","The MSYS2 Developers","Tue Apr 23 11:28:12 2024","""C:\msys64\uninstall.exe"""
"MSI Development Tools","10.1.22621.3233","Microsoft Corporation","20240702","MsiExec.exe /I{3891A7DE-A85F-9B4E-2B84-50162AFA1E48}"
"Mozilla Maintenance Service","127.0.1","Mozilla",,"""C:\Program Files (x86)\Mozilla Maintenance Service\uninstall.exe"""
"Mozilla Firefox (x64 en-GB)","128.0","Mozilla",,"""C:\Program Files\Mozilla Firefox\uninstall\helper.exe"""
"Microsoft.NETCore.App.Runtime.Mono.maccatalyst-x64 (x64)","8.0.5.0","Microsoft Corporation","20240702","MsiExec.exe /X{4A02CD0F-059E-494C-90E0-8E63F4EFE834}"
"Microsoft.NETCore.App.Runtime.Mono.maccatalyst-arm64 (x64)","8.0.5.0","Microsoft Corporation","20240702","MsiExec.exe /X{51839DF7-5441-4280-84B0-04F265E3E000}"
"Microsoft.NETCore.App.Runtime.Mono.iossimulator-x86 (x64)","7.0.19.0","Microsoft Corporation","20240702","MsiExec.exe /X{D5A07D8C-17D3-4948-B9FD-6CF10F01EEA0}"
"Microsoft.NETCore.App.Runtime.Mono.iossimulator-x64 (x64)","8.0.5.0","Microsoft Corporation","20240702","MsiExec.exe /X{E742E075-4B07-471D-9416-A3C11087CC93}"
"Microsoft.NETCore.App.Runtime.Mono.iossimulator-arm64 (x64)","8.0.5.0","Microsoft Corporation","20240702","MsiExec.exe /X{B63D333A-8163-48C4-916F-FD89B55DA2E7}"
"Microsoft.NETCore.App.Runtime.Mono.ios-arm64 (x64)","8.0.5.0","Microsoft Corporation","20240702","MsiExec.exe /X{7B1C2E34-7CBC-4821-856F-3B6AB58D659A}"
"Microsoft.NETCore.App.Runtime.Mono.ios-arm (x64)","7.0.19.0","Microsoft Corporation","20240702","MsiExec.exe /X{58D5A7D4-669B-4A24-A390-B4B2CD3E39D9}"
"Microsoft.NETCore.App.Runtime.Mono.android-x86 (x64)","8.0.5.0","Microsoft Corporation","20240702","MsiExec.exe /X{B674EA09-2CF7-470A-A382-70DD496254A0}"
"Microsoft.NETCore.App.Runtime.Mono.android-x64 (x64)","8.0.5.0","Microsoft Corporation","20240702","MsiExec.exe /X{C731D347-DB40-40F6-806F-B8C8BE1AC7F4}"
"Microsoft.NETCore.App.Runtime.Mono.android-arm64 (x64)","8.0.5.0","Microsoft Corporation","20240702","MsiExec.exe /X{F02ADB0B-CD15-4F72-9486-46F12FDAF6C3}"
"Microsoft.NETCore.App.Runtime.Mono.android-arm (x64)","8.0.5.0","Microsoft Corporation","20240702","MsiExec.exe /X{92253BEC-5486-4541-AC5B-0561F961A2C2}"
"Microsoft.NETCore.App.Runtime.AOT.win-x64.Cross.android-x86 (x64)","8.0.5.0","Microsoft Corporation","20240702","MsiExec.exe /X{FE85A8AF-1BFA-4F7A-A58E-4F26BAD22C95}"
"Microsoft.NETCore.App.Runtime.AOT.win-x64.Cross.android-x64 (x64)","8.0.5.0","Microsoft Corporation","20240702","MsiExec.exe /X{EDB7F8DE-352A-4FF6-A134-D92778D8E1DC}"
"Microsoft.NETCore.App.Runtime.AOT.win-x64.Cross.android-arm64 (x64)","8.0.5.0","Microsoft Corporation","20240702","MsiExec.exe /X{B00617C4-BE23-4DB3-B1B7-3C08D61C75C7}"
"Microsoft.NETCore.App.Runtime.AOT.win-x64.Cross.android-arm (x64)","8.0.5.0","Microsoft Corporation","20240702","MsiExec.exe /X{A6C94B23-A600-4303-816D-CF25BB8ADB20}"
"Microsoft.NET.Workload.Mono.Toolchain.net7.Manifest (x64)","64.24.15199","Microsoft Corporation","20240625","MsiExec.exe /X{A4FD1CAB-F73A-4B7D-A093-FCA1FE3EE183}"
"Microsoft.NET.Workload.Mono.Toolchain.net6.Manifest (x64)","64.24.15199","Microsoft Corporation","20240625","MsiExec.exe /X{93FD7D11-2248-48DF-84A9-8F66E45E3417}"
"Microsoft.NET.Workload.Mono.Toolchain.Current.Manifest (x64)","64.24.15199","Microsoft Corporation","20240625","MsiExec.exe /X{CE79B4DA-3D44-493D-8EDC-9CAAD46C7DEF}"
"Microsoft.NET.Workload.Emscripten.net7.Manifest (x64)","64.24.15173","Microsoft Corporation","20240625","MsiExec.exe /X{C6E3AC97-940D-46E5-8C35-04927431D008}"
"Microsoft.NET.Workload.Emscripten.net6.Manifest (x64)","64.24.15173","Microsoft Corporation","20240625","MsiExec.exe /X{26BECEBB-31DE-4854-B019-9BB8EBFBBDF1}"
"Microsoft.NET.Workload.Emscripten.Current.Manifest (x64)","64.24.15173","Microsoft Corporation","20240625","MsiExec.exe /X{BB03A87B-4F96-44EF-AFAC-3F2D9F9CEDEA}"
"Microsoft.NET.Sdk.tvOS.Manifest-8.0.100 (x64)","17.2.8053","Microsoft Corporation","20240702","MsiExec.exe /X{380FDDE5-2234-48F7-B859-50CD288CBA2F}"
"Microsoft.NET.Sdk.Maui.Manifest-8.0.100 (x64)","8.0.40","Microsoft Corporation","20240702","MsiExec.exe /X{9D9B5B8A-9527-4EBE-AFDE-9284AD20A2AC}"
"Microsoft.NET.Sdk.macOS.Manifest-8.0.100 (x64)","14.2.8053","Microsoft Corporation","20240702","MsiExec.exe /X{B5A8CFDD-420C-420D-B586-01132FB27631}"
"Microsoft.NET.Sdk.MacCatalyst.Manifest-8.0.100 (x64)","17.2.8053","Microsoft Corporation","20240702","MsiExec.exe /X{51E67585-599D-4870-9579-A74DE14B9F42}"
"Microsoft.NET.Sdk.iOS.Manifest-8.0.100 (x64)","17.2.8053","Microsoft Corporation","20240702","MsiExec.exe /X{44AA4ED3-CE25-4117-8553-C9461DD1E0DE}"
"Microsoft.NET.Sdk.Aspire.Manifest-8.0.100 (x64)","64.0.5426","Microsoft Corporation","20240423","MsiExec.exe /X{F3AEB036-4B8A-4C25-B4D2-850944E909C4}"
"Microsoft.NET.Sdk.Android.Manifest-8.0.100 (x64)","34.0.95","Microsoft Corporation","20240702","MsiExec.exe /X{EF47685B-FE23-416C-A4BC-BACDA77050EA}"
"Microsoft.NET.Runtime.MonoTargets.Sdk (x64)","8.0.5.0","Microsoft Corporation","20240702","MsiExec.exe /X{D2F9796B-FF88-4167-8EB8-1AC9C94F0AE7}"
"Microsoft.NET.Runtime.MonoAOTCompiler.Task (x64)","8.0.5.0","Microsoft Corporation","20240702","MsiExec.exe /X{BBAA1A20-D259-4FFC-B3FE-64CDF866C833}"
"Microsoft.Maui.Sdk (x64)","7.0.101.0","Microsoft Corporation","20240702","MsiExec.exe /X{590B7E53-106E-40CD-B9A8-FB337DFA5BCE}"
"Microsoft.Maui.Resizetizer.Sdk (x64)","7.0.101.0","Microsoft Corporation","20240702","MsiExec.exe /X{2B527586-E8CC-4B6A-A1CB-A093296F81E6}"
"Microsoft.Maui.Resizetizer (x64)","8.0.40.0","Microsoft Corporation","20240702","MsiExec.exe /X{3474C20E-EE23-4F60-942D-67850783224B}"
"Microsoft.Maui.Graphics.Win2D.WinUI.Desktop (x64)","8.0.40.0","Microsoft Corporation","20240702","MsiExec.exe /X{6CAC886D-4752-4556-938C-054F35263F9C}"
"Microsoft.Maui.Graphics (x64)","8.0.40.0","Microsoft Corporation","20240702","MsiExec.exe /X{D0E21DB0-6ED5-4E91-A69B-BB0C8E5316EE}"
"Microsoft.Maui.Essentials (x64)","8.0.40.0","Microsoft Corporation","20240702","MsiExec.exe /X{E2A946F6-C9F1-4AE3-8C63-F3C0B30E1468}"
"Microsoft.Maui.Core (x64)","8.0.40.0","Microsoft Corporation","20240702","MsiExec.exe /X{DF96F32C-52A7-433C-9AC1-F0AE126BFC95}"
"Microsoft.Maui.Controls.Xaml (x64)","8.0.40.0","Microsoft Corporation","20240702","MsiExec.exe /X{6404710B-C9AA-4F4F-9A79-F6F569E09EE0}"
"Microsoft.Maui.Controls.Core (x64)","8.0.40.0","Microsoft Corporation","20240702","MsiExec.exe /X{4D5ADA5D-111C-4889-91EF-89816A014962}"
"Microsoft.Maui.Controls.Compatibility (x64)","8.0.40.0","Microsoft Corporation","20240702","MsiExec.exe /X{D998C5B4-9AD4-4535-AAE9-76C6D50F9606}"
"Microsoft.Maui.Controls.Build.Tasks (x64)","8.0.40.0","Microsoft Corporation","20240702","MsiExec.exe /X{2B23CED7-D111-4A51-A0E0-3F8CB50CE077}"
"Microsoft.Maui.Controls (x64)","8.0.40.0","Microsoft Corporation","20240702","MsiExec.exe /X{E5C9D006-2362-4A5D-997D-99F917756D85}"
"Microsoft.MacCatalyst.Templates (x64)","17.2.8053.0","Microsoft Corporation","20240702","MsiExec.exe /X{F3E47903-A05C-457C-BB8C-5CCBDC3DD7C1}"
"Microsoft.MacCatalyst.Sdk (x64)","17.2.8053.0","Microsoft Corporation","20240702","MsiExec.exe /X{60E8F851-5C95-4745-9004-858C3C731C6E}"
"Microsoft.MacCatalyst.Runtime.maccatalyst-x64 (x64)","17.2.8053.0","Microsoft Corporation","20240702","MsiExec.exe /X{B04954AF-6433-4E30-9969-3FC28110A6D2}"
"Microsoft.MacCatalyst.Runtime.maccatalyst-arm64 (x64)","17.2.8053.0","Microsoft Corporation","20240702","MsiExec.exe /X{B08108D4-8F43-4D8D-AA88-6A7E1E5A2CC4}"
"Microsoft.MacCatalyst.Ref (x64)","17.2.8053.0","Microsoft Corporation","20240702","MsiExec.exe /X{8F115534-48F7-43D0-991D-EC0DA35FE7DE}"
"Microsoft.iOS.Windows.Sdk (x64)","17.2.8053.0","Microsoft Corporation","20240702","MsiExec.exe /X{7A5057DC-C46A-4C01-97D2-DEE341B427A4}"
"Microsoft.iOS.Templates (x64)","17.2.8053.0","Microsoft Corporation","20240702","MsiExec.exe /X{71FB98C3-EB49-4263-9B2B-D9E5735B4672}"
"Microsoft.iOS.Sdk (x64)","17.2.8053.0","Microsoft Corporation","20240702","MsiExec.exe /X{055A8C15-3E5B-43F4-80DF-02E26595D9EF}"
"Microsoft.iOS.Runtime.iossimulator-x64 (x64)","17.2.8053.0","Microsoft Corporation","20240702","MsiExec.exe /X{F3F11169-C6D1-4744-8F18-D8719EC77D6F}"
"Microsoft.iOS.Runtime.iossimulator-arm64 (x64)","17.2.8053.0","Microsoft Corporation","20240702","MsiExec.exe /X{34DA1A9D-94C6-4C9F-A739-C69FAD2F480E}"
"Microsoft.iOS.Runtime.ios-arm64 (x64)","17.2.8053.0","Microsoft Corporation","20240702","MsiExec.exe /X{32BB7093-C79C-484B-9866-60DAA717D828}"
"Microsoft.iOS.Ref (x64)","17.2.8053.0","Microsoft Corporation","20240702","MsiExec.exe /X{8F751BCB-E5BE-433E-851D-CC6AD2A1A01F}"
"Microsoft.AspNetCore.Components.WebView.Maui (x64)","8.0.40.0","Microsoft Corporation","20240702","MsiExec.exe /X{83898F6F-E4BD-44E1-9D73-2C4CB7AB953E}"
"Microsoft.Android.Sdk.Windows (x64)","34.0.95.0","Microsoft Corporation","20240702","MsiExec.exe /X{9D37D618-1436-4E9F-B40D-F53F12EC3E99}"
"Microsoft.Android.Runtime.34.android-x86 (x64)","34.0.95.0","Microsoft Corporation","20240702","MsiExec.exe /X{F2971708-194A-4C8F-A9CC-28622F48B669}"
"Microsoft.Android.Runtime.34.android-x64 (x64)","34.0.95.0","Microsoft Corporation","20240702","MsiExec.exe /X{0D0D695A-F2AD-4A4F-9478-4BB9B388BA34}"
"Microsoft.Android.Runtime.34.android-arm64 (x64)","34.0.95.0","Microsoft Corporation","20240702","MsiExec.exe /X{E69BDC57-F2F1-4D94-8B23-97A2498451F8}"
"Microsoft.Android.Runtime.34.android-arm (x64)","34.0.95.0","Microsoft Corporation","20240702","MsiExec.exe /X{2F3AA15E-01A7-4233-9FF1-767B4BFF830B}"
"Microsoft.Android.Ref.34 (x64)","34.0.95.0","Microsoft Corporation","20240702","MsiExec.exe /X{FD3AAA12-048A-4C8C-9318-371B171D4BB5}"
"Microsoft Workflow Diagnostic Pack for x64","17.10.34803","Microsoft","20240702","MsiExec.exe /I{32721B4A-1696-3189-88EA-14C0490D41A3}"
"Microsoft Workflow Debugger v1.0 for x86","17.0.34804","Microsoft","20240702","MsiExec.exe /I{608BE086-45FA-322F-BC49-7DAD43030452}"
"Microsoft Workflow Debugger v1.0 for amd64","17.0.34804","Microsoft","20240702","MsiExec.exe /I{786727DB-2AF3-3CC3-89A7-423F475EAFEF}"
"Microsoft Windows Desktop Targeting Pack - 8.0.6 (x86)","64.24.15241","Microsoft Corporation","20240702","MsiExec.exe /X{6C7B6C54-E9BE-4915-9B03-3EE8DFCE3CE0}"
"Microsoft Windows Desktop Targeting Pack - 8.0.6 (x64)","64.24.15241","Microsoft Corporation","20240625","MsiExec.exe /X{57F33504-26E0-400A-88BF-08DE38F23925}"
"Microsoft Windows Desktop Targeting Pack - 8.0.4 (x64)","64.16.12024","Microsoft Corporation","20240423","MsiExec.exe /X{E6CB9606-8DE7-4AC8-8C42-313A5AB5F839}"
"Microsoft Windows Desktop Targeting Pack - 6.0.31 (x86)","48.124.15242","Microsoft Corporation","20240702","MsiExec.exe /X{DF210015-38FB-4F95-AEAE-D0FF33C58AF0}"
"Microsoft Windows Desktop Targeting Pack - 6.0.31 (x64)","48.124.15242","Microsoft Corporation","20240702","MsiExec.exe /X{FA74D4F0-3F2B-4245-A209-8817529771EA}"
"Microsoft Windows Desktop Runtime - 8.0.6 (x86)","64.24.15241","Microsoft Corporation","20240702","MsiExec.exe /X{104C6759-B7D6-43A3-8E99-4FAED4C3B6BF}"
"Microsoft Windows Desktop Runtime - 8.0.6 (x64)","64.24.15241","Microsoft Corporation","20240625","MsiExec.exe /X{0EF5DD4D-EC49-4AE7-8C9A-F64FF8B3EA58}"
"Microsoft Windows Desktop Runtime - 8.0.4 (x64)","64.16.12024","Microsoft Corporation","20240423","MsiExec.exe /X{4B91040F-9192-4D51-B1CE-36B959846C8D}"
"Microsoft Windows Desktop Runtime - 6.0.31 (x86)","48.124.15242","Microsoft Corporation","20240702","MsiExec.exe /X{558558E9-EF67-4CC1-8D73-4FE680754D59}"
"Microsoft Windows Desktop Runtime - 6.0.31 (x64)","48.124.15242","Microsoft Corporation","20240702","MsiExec.exe /X{EFE53353-800E-4987-B965-1C968D0F23A4}"
"Microsoft Windows Communication Foundation Diagnostic Pack for x86","17.10.34804","Microsoft","20240702","MsiExec.exe /I{2534D8CB-F4E1-3064-986A-415904EB16BD}"
"Microsoft Web Deploy 4.0","10.0.8305","Microsoft Corporation","20240702","MsiExec.exe /I{82FD8C73-C24D-433C-85A9-48AE93570410}"
"Microsoft Visual Studio Setup WMI Provider","3.9.2148.60653","Microsoft Corporation","20240702","MsiExec.exe /I{0AC39B1B-4AFC-4684-B22C-625848E16C92}"
"Microsoft Visual Studio Setup Configuration","3.9.2148.60653","Microsoft Corporation","20240702","MsiExec.exe /I{6E7D95E1-DA2A-4DED-A8C6-3FBA1714DB62}"
"Microsoft Visual Studio Installer","3.10.2154.60269","Microsoft Corporation","20240702","""C:\Program Files (x86)\Microsoft Visual Studio\Installer\setup.exe"" /uninstall"
"Microsoft Visual Studio Code (User)","1.90.2","Microsoft Corporation","20240625","""C:\Users\Administrator\AppData\Local\Programs\Microsoft VS Code\unins000.exe"""
"Microsoft Visual Studio 2010 Tools for Office Runtime (x64)","10.0.60922","Microsoft Corporation","20240703","MsiExec.exe /X{610487D9-3460-328A-9333-219D43A75CC5}"
"Microsoft Visual C++ 2022 X86 Minimum Runtime - 14.40.33810","14.40.33810","Microsoft Corporation","20240702","MsiExec.exe /I{0C3457A0-3DCE-4A33-BEF0-9B528C557771}"
"Microsoft Visual C++ 2022 X86 Debug Runtime - 14.40.33810","14.40.33810","Microsoft Corporation","20240702","MsiExec.exe /I{A0B90EAF-8FC1-49B2-A7D6-7F9B1FEFDD43}"
"Microsoft Visual C++ 2022 X86 Additional Runtime - 14.40.33810","14.40.33810","Microsoft Corporation","20240702","MsiExec.exe /I{5EA6C998-D5AC-4ED9-89C3-9F25B17CCD3D}"
"Microsoft Visual C++ 2022 X64 Minimum Runtime - 14.40.33810","14.40.33810","Microsoft Corporation","20240702","MsiExec.exe /I{B8B3BB4A-A10D-4F51-91B7-A64FFAC31EA7}"
"Microsoft Visual C++ 2022 X64 Debug Runtime - 14.40.33810","14.40.33810","Microsoft Corporation","20240702","MsiExec.exe /I{3003CC13-9BC4-48D1-95D6-14B2AFE0683B}"
"Microsoft Visual C++ 2022 X64 Additional Runtime - 14.40.33810","14.40.33810","Microsoft Corporation","20240702","MsiExec.exe /I{59CED48F-EBFE-480C-8A38-FC079C2BEC0F}"
"Microsoft Visual C++ 2015-2022 Redistributable (x86) - 14.40.33810","14.40.33810.0","Microsoft Corporation",,"""C:\ProgramData\Package Cache\{47109d57-d746-4f8b-9618-ed6a17cc922b}\VC_redist.x86.exe""  /uninstall"
"Microsoft Visual C++ 2015-2022 Redistributable (x64) - 14.40.33810","14.40.33810.0","Microsoft Corporation",,"""C:\ProgramData\Package Cache\{5af95fd8-a22e-458f-acee-c61bd787178e}\VC_redist.x64.exe""  /uninstall"
"Microsoft Visual C++ 2010  x86 Redistributable - 10.0.40219","10.0.40219","Microsoft Corporation","20240703","MsiExec.exe /X{F0C3E5D1-1ADE-321E-8167-68EF0DE699A5}"
"Microsoft Visual C++ 2010  x64 Redistributable - 10.0.40219","10.0.40219","Microsoft Corporation","20240703","MsiExec.exe /X{1D8E6291-B0D5-35EC-8441-6616F567A0F7}"
"Microsoft UniversalWindowsPlatform SDK","15.9.16","Microsoft","20240702","MsiExec.exe /I{C756420B-C91C-4410-8092-F49C24CEF594}"
"Microsoft TestPlatform SDK Local Feed","17.10.0.9037153","Microsoft","20240702","MsiExec.exe /I{7F86DEBA-AF7D-43F2-8312-DBCB65F116A9}"
"Microsoft System CLR Types for SQL Server 2019","15.0.2000.5","Microsoft Corporation","20240702","MsiExec.exe /I{5BC7E9EB-13E8-45DB-8A60-F2481FEB4595}"
"Microsoft SQL Server 2019 LocalDB ","15.0.4153.1","Microsoft Corporation","20240702","MsiExec.exe /I{36E492B8-CB83-4DA5-A5D2-D99A8E8228A1}"
"Microsoft OneDrive","24.126.0623.0001","Microsoft Corporation",,"""C:\Users\Administrator\AppData\Local\Microsoft\OneDrive\24.126.0623.0001\OneDriveSetup.exe""  /uninstall "
"Microsoft ODBC Driver 17 for SQL Server","17.10.6.1","Microsoft Corporation","20240702","MsiExec.exe /I{0E0F96AC-80DE-4400-A40C-429D63293651}"
"Microsoft NetStandard SDK","15.0.51105","Microsoft Corporation","20240702","MsiExec.exe /I{737FDDA7-B944-4CB5-92D9-3D56373BD301}"
"Microsoft Exchange Web Services Managed API 2.1","15.0.847.30","Microsoft Corporation","20240702","MsiExec.exe /I{24CA683D-8174-4EBF-AD4D-3F2DD7814716}"
"Microsoft Edge WebView2 Runtime","126.0.2592.102","Microsoft Corporation","20240712","""C:\Program Files (x86)\Microsoft\EdgeWebView\Application\126.0.2592.102\Installer\setup.exe"" --uninstall --msedgewebview --system-level --verbose-logging"
"Microsoft Edge Update","1.3.193.5",,,
"Microsoft Edge","126.0.2592.102","Microsoft Corporation","20240713","""C:\Program Files (x86)\Microsoft\Edge\Application\126.0.2592.102\Installer\setup.exe"" --uninstall --msedge --channel=stable --system-level --verbose-logging"
"Microsoft Command Line Utilities 15 for SQL Server","15.0.1300.359","Microsoft Corporation","20240702","MsiExec.exe /I{41C0DB18-1790-465E-B0DD-D9CAA35CACBE}"
"Microsoft Azure PowerShell - April 2018","5.7.0.18831","Microsoft Corporation","20240702","MsiExec.exe /X{3BA7CAA9-97BA-4528-B7E1-B640910BB149}"
"Microsoft Azure Libraries for .NET ? v2.9","3.0.2310.23","Microsoft Corporation","20240702","MsiExec.exe /I{3C188EC3-3DFE-48B1-9C45-D1AF419D534F}"
"Microsoft Azure Compute Emulator - v2.9.7","2.9.8999.43","Microsoft Corporation","02/07/2024","msiexec /x{04ca054c-2f40-44b0-8610-8d51ec9444fe}"
"Microsoft Azure Authoring Tools - v2.9.7","2.9.8999.45","Microsoft Corporation","20240702","MsiExec.exe /I{90462BD2-DF5B-449C-A401-FCC1DC264E4E}"
"Microsoft ASP.NET Web Tools Packages 17.0 - ENU","17.0.40305.0","Microsoft Corporation","20240702","MsiExec.exe /X{987786F9-7B57-3254-9FEA-2FF662C784B1}"
"Microsoft ASP.NET Diagnostic Pack for Visual Studio","17.10.341.11210","Microsoft Corporation","20240702","MsiExec.exe /X{DD355C4F-121F-3DB2-8404-3F28BFDB955B}"
"Microsoft ASP.NET Core Module V2 for IIS Express","17.0.22116.0","Microsoft Corporation","20240702","MsiExec.exe /X{F0E9CE77-BF19-4BBE-B228-A42F782F82E4}"
"Microsoft ASP.NET Core Module for IIS Express","12.2.18292.0","Microsoft Corporation","20240702","MsiExec.exe /X{FAFEE5E3-E00A-4CE8-B495-8F66A5FAB236}"
"Microsoft ASP.NET Core 8.0.6 Targeting Pack (x86)","8.0.6.24269","Microsoft Corporation","20240702","MsiExec.exe /X{C4996CEE-856F-330D-8336-FBE5780771C4}"
"Microsoft ASP.NET Core 8.0.6 Targeting Pack (x64)","8.0.6.24269","Microsoft Corporation","20240625","MsiExec.exe /X{1D322079-F409-3868-944E-AD06A17806A1}"
"Microsoft ASP.NET Core 8.0.6 Shared Framework (x86)","8.0.6.24269","Microsoft Corporation","20240702","MsiExec.exe /X{834EB8E8-6FB8-3F44-B661-12DAE8FA7AE7}"
"Microsoft ASP.NET Core 8.0.6 Shared Framework (x64)","8.0.6.24269","Microsoft Corporation","20240625","MsiExec.exe /X{4AB1C7BA-2E13-35DB-8D68-F39A670A5F75}"
"Microsoft ASP.NET Core 8.0.4 Targeting Pack (x64)","8.0.4.24170","Microsoft Corporation","20240423","MsiExec.exe /X{8ABE3919-A4FB-3113-9124-FB1FE9BABDC5}"
"Microsoft ASP.NET Core 8.0.4 Shared Framework (x64)","8.0.4.24170","Microsoft Corporation","20240423","MsiExec.exe /X{D68ECBF4-1235-3C2D-A23E-EC2FE2858B14}"
"Microsoft ASP.NET Core 6.0.31 Targeting Pack (x86)","6.0.31.24269","Microsoft Corporation","20240702","MsiExec.exe /X{9B4467EC-1659-3460-AF7F-4D20F686DA84}"
"Microsoft ASP.NET Core 6.0.31 Targeting Pack (x64)","6.0.31.24269","Microsoft Corporation","20240702","MsiExec.exe /X{3D938008-01C4-3077-8FD7-CE0736059E08}"
"Microsoft ASP.NET Core 6.0.31 Shared Framework (x86)","6.0.31.24269","Microsoft Corporation","20240702","MsiExec.exe /X{857E10CE-5980-3637-A17F-AE7DFE335950}"
"Microsoft ASP.NET Core 6.0.31 Shared Framework (x64)","6.0.31.24269","Microsoft Corporation","20240702","MsiExec.exe /X{8193B849-A7C6-3B42-875E-47A118AEF1C4}"
"Microsoft .NET Toolset 8.0.302 (x64)","32.8.36482","Microsoft Corporation","20240625","MsiExec.exe /X{2832CA13-6850-440C-9839-16B2D01909F7}"
"Microsoft .NET Toolset 8.0.204 (x64)","32.7.58285","Microsoft Corporation","20240423","MsiExec.exe /X{D7B7AB78-10FC-4DB0-9904-DD59777CB640}"
"Microsoft .NET Targeting Pack - 8.0.6 (x86)","64.24.15199","Microsoft Corporation","20240702","MsiExec.exe /X{B60135D6-DA09-43E8-B7E1-3E6D3DFADED6}"
"Microsoft .NET Targeting Pack - 8.0.6 (x64)","64.24.15199","Microsoft Corporation","20240625","MsiExec.exe /X{A514DED0-F02D-48FA-8E38-E88652946E47}"
"Microsoft .NET Targeting Pack - 8.0.4 (x64)","64.16.12025","Microsoft Corporation","20240423","MsiExec.exe /X{5DC3A502-9883-4491-87E3-0258DCA17EA1}"
"Microsoft .NET Targeting Pack - 6.0.31 (x86)","48.124.15198","Microsoft Corporation","20240702","MsiExec.exe /X{5BE892DD-083B-40D2-AAE8-891B0DA1B59B}"
"Microsoft .NET Targeting Pack - 6.0.31 (x64)","48.124.15198","Microsoft Corporation","20240702","MsiExec.exe /X{81ED78D2-5E73-4D2B-BBC4-16F10FAE87EB}"
"Microsoft .NET Standard Targeting Pack - 2.1.0 (x64)","24.0.28113","Microsoft Corporation","20240423","MsiExec.exe /X{A7036CFB-B403-4598-85FF-D397ABB88173}"
"Microsoft .NET SDK 8.0.302 (x64) from Visual Studio","8.3.224.28002","Microsoft Corporation","20240702","MsiExec.exe /X{BBDF5D97-8C03-4978-BE1F-D13EAB8D5962}"
"Microsoft .NET SDK 8.0.302 (x64)","8.3.224.28002","Microsoft Corporation",,"""C:\ProgramData\Package Cache\{edc38f90-e61a-4ce9-b8c2-759325351312}\dotnet-sdk-8.0.302-win-x64.exe""  /uninstall"
"Microsoft .NET SDK 8.0.204 (x64)","8.2.424.17037","Microsoft Corporation",,"""C:\ProgramData\Package Cache\{182c79bd-e684-443b-b3f0-1dc904d1567d}\dotnet-sdk-8.0.204-win-x64.exe""  /uninstall"
"Microsoft .NET Runtime - 8.0.6 (x86)","64.24.15199","Microsoft Corporation","20240702","MsiExec.exe /X{DCB30F63-106D-4B5E-A940-088A6E6A76F3}"
"Microsoft .NET Runtime - 8.0.6 (x64)","64.24.15199","Microsoft Corporation","20240625","MsiExec.exe /X{F69305BE-6EFA-45D0-9635-752373304A1A}"
"Microsoft .NET Runtime - 8.0.4 (x64)","64.16.12025","Microsoft Corporation","20240423","MsiExec.exe /X{F03725EC-977F-4425-A568-05D0B3DB9F15}"
"Microsoft .NET Runtime - 6.0.31 (x86)","48.124.15198","Microsoft Corporation","20240702","MsiExec.exe /X{3FF9C48B-C566-448C-A95D-C4862AC74524}"
"Microsoft .NET Runtime - 6.0.31 (x64)","48.124.15198","Microsoft Corporation","20240702","MsiExec.exe /X{0950F07D-F1C4-47A5-AC88-C5FAA5DC564D}"
"Microsoft .NET Native SDK","15.0.24211.07","Microsoft Corporation","20240702","MsiExec.exe /I{EF0C772D-F5E3-36D0-BDAB-FD378533CD40}"
"Microsoft .NET Host FX Resolver - 8.0.6 (x86)","64.24.15199","Microsoft Corporation","20240702","MsiExec.exe /X{080A056B-3701-46A1-A990-4928ECAA6291}"
"Microsoft .NET Host FX Resolver - 8.0.6 (x64)","64.24.15199","Microsoft Corporation","20240625","MsiExec.exe /X{59C4A6C5-E254-4819-B254-0B4FF17747EB}"
"Microsoft .NET Host FX Resolver - 8.0.4 (x64)","64.16.12025","Microsoft Corporation","20240423","MsiExec.exe /X{2DF8788F-CE7B-4D48-AE13-00F807A959CC}"
"Microsoft .NET Host - 8.0.6 (x86)","64.24.15199","Microsoft Corporation","20240702","MsiExec.exe /X{83922B62-80C7-4B21-88AF-37B6BED973A4}"
"Microsoft .NET Host - 8.0.6 (x64)","64.24.15199","Microsoft Corporation","20240625","MsiExec.exe /X{EAEDD1FB-8876-4FD8-98A6-3AF439887414}"
"Microsoft .NET Framework Cumulative Intellisense Pack for Visual Studio (ENU)","4.8.09037","Microsoft Corporation","20240702","MsiExec.exe /X{1A9C3A1A-566B-4CFA-8B27-71FC623963BE}"
"Microsoft .NET Framework 4.8 Targeting Pack (ENU)","4.8.03761","Microsoft Corporation","20240702","MsiExec.exe /X{A4EA9EE5-7CFF-4C5F-B159-B9B4E5D2BDE2}"
"Microsoft .NET Framework 4.8 Targeting Pack","4.8.03761","Microsoft Corporation","20240702","MsiExec.exe /X{BAAF5851-0759-422D-A1E9-90061B597188}"
"Microsoft .NET Framework 4.8 SDK","4.8.03928","Microsoft Corporation","20240702","MsiExec.exe /X{949C0535-171C-480F-9CF4-D25C9E60FE88}"
"Microsoft .NET Framework 4.7.2 Targeting Pack (ENU)","4.7.03062","Microsoft Corporation","20240702","MsiExec.exe /X{B517DBD3-B542-4FC8-9957-FFB2C3E65D1D}"
"Microsoft .NET Framework 4.7.2 Targeting Pack","4.7.03062","Microsoft Corporation","20240702","MsiExec.exe /X{1784A8CD-F7FE-47E2-A87D-1F31E7242D0D}"
"Microsoft .NET Framework 4.7.1 Targeting Pack","4.7.02558","Microsoft Corporation","20240702","MsiExec.exe /X{5686C5E9-A3B3-451E-A2EA-4C246CDE5CC9}"
"Microsoft .NET Framework 4.7.1 Doc Redirected Targeting Pack (ENU)","4.7.02558","Microsoft Corporation","20240702","MsiExec.exe /X{8F5A2690-2EBD-4017-B995-C522C9204312}"
"Microsoft .NET Framework 4.6 Targeting Pack","4.6.00081","Microsoft Corporation","20240702","MsiExec.exe /X{2CC6A4A7-AAC2-46C9-9DBB-3727B5954F65}"
"Microsoft .NET CoreRuntime SDK","1.1.27004.0","Microsoft Corporation","20240702","MsiExec.exe /I{12702494-9E6A-3F5E-9441-2B7D258A639B}"
"Microsoft .NET CoreRuntime For CoreCon","1.0.0.0","Microsoft Corporation","20240702","MsiExec.exe /X{48A8F171-52F2-372B-8414-EA50617708BE}"
"Microsoft .NET AppHost Pack - 8.0.6 (x64_x86)","64.24.15199","Microsoft Corporation","20240625","MsiExec.exe /X{8A63454D-8E13-4014-821F-DFA1082EC183}"
"Microsoft .NET AppHost Pack - 8.0.6 (x64_arm64)","64.24.15199","Microsoft Corporation","20240625","MsiExec.exe /X{854B6E23-DB23-4469-94B2-24BC3BDCA96E}"
"Microsoft .NET AppHost Pack - 8.0.6 (x64)","64.24.15199","Microsoft Corporation","20240625","MsiExec.exe /X{976580F3-B710-4C76-8D12-EB1905833370}"
"Microsoft .NET AppHost Pack - 8.0.4 (x64_x86)","64.16.12025","Microsoft Corporation","20240423","MsiExec.exe /X{790E6FA4-6ECC-440B-B488-772999E6253D}"
"Microsoft .NET AppHost Pack - 8.0.4 (x64_arm64)","64.16.12025","Microsoft Corporation","20240423","MsiExec.exe /X{259B7E8B-F609-4D35-BF11-9F5B59106FD5}"
"Microsoft .NET AppHost Pack - 8.0.4 (x64)","64.16.12025","Microsoft Corporation","20240423","MsiExec.exe /X{715A8E75-DC0D-497D-B5BC-19155474393B}"
"Microsoft .NET AppHost Pack - 6.0.31 (x64_x86)","48.124.15198","Microsoft Corporation","20240702","MsiExec.exe /X{23AB5535-6777-4933-855D-477416F1A40F}"
"Microsoft .NET AppHost Pack - 6.0.31 (x64_arm64)","48.124.15198","Microsoft Corporation","20240702","MsiExec.exe /X{D8AE46F6-8CAC-47FF-9DB2-B828981381C7}"
"Microsoft .NET AppHost Pack - 6.0.31 (x64_arm)","48.124.15198","Microsoft Corporation","20240702","MsiExec.exe /X{91435084-93F5-4F91-9E5E-1DAE72D2E3B7}"
"Microsoft .NET AppHost Pack - 6.0.31 (x64)","48.124.15198","Microsoft Corporation","20240702","MsiExec.exe /X{62BB74E2-94F6-430A-80FD-ECF223D0CEDC}"
"Microsoft .NET 8.0 Templates 8.0.302 (x64)","32.9.36482","Microsoft Corporation","20240625","MsiExec.exe /I{A6C81472-2042-4EF7-8959-A3499276C748}"
"Microsoft .NET 8.0 Templates 8.0.204 (x64)","32.7.58285","Microsoft Corporation","20240423","MsiExec.exe /I{0C874BFD-E691-4D57-88CC-E4529708C78D}"
"Microsoft .NET 6.0 Templates 8.0.302 (x64)","24.15.36482","Microsoft Corporation","20240702","MsiExec.exe /I{8CAA832C-5C6F-4E1F-ACF7-51E7F1BC355E}"
"Kits Configuration Installer","10.1.22621.3233","Microsoft","20240702","MsiExec.exe /I{5D7663D4-8EF0-0323-8F60-1FC5EECB77E5}"
"IntelliTraceProfilerProxy","15.0.21225.01","Microsoft Corporation","20240702","MsiExec.exe /I{F8B9E8C8-61E8-4E9E-879D-F3F498AD0230}"
"IIS 10.0 Express","10.0.08608","Microsoft Corporation","20240702","MsiExec.exe /X{A43F6F96-4CED-4152-8086-AF954755E324}"
"icecap_collectionresourcesx64","17.10.34804","Microsoft Corporation","20240702","MsiExec.exe /I{7D5F1165-1446-48EF-B685-BA2A6DB6F4A0}"
"icecap_collectionresources","17.10.34804","Microsoft Corporation","20240702","MsiExec.exe /I{78F5880D-D3DD-4AC7-B7C0-EF3F29165CEC}"
"icecap_collection_x64","17.10.34804","Microsoft Corporation","20240702","MsiExec.exe /I{60FF723D-CD10-4C2A-99BD-85F8425AA3C0}"
"icecap_collection_neutral","17.10.34804","Microsoft Corporation","20240702","MsiExec.exe /I{8CBD0D8C-4720-443D-A0DA-93FE812E62D0}"
"GitHub Desktop","3.4.2","GitHub, Inc.","20240701","""C:\Users\Administrator\AppData\Local\GitHubDesktop\Update.exe"" --uninstall"
"Git","2.45.2","The Git Development Community","20240629","""C:\Program Files\Git\unins000.exe"""
"Entity Framework 6.2.0 Tools  for Visual Studio 2022","6.2.0.0","Microsoft Corporation","20240702","MsiExec.exe /X{F0495FAC-8E08-4F2F-801C-12880B242781}"
"Discord","1.0.9151","Discord Inc.","20244225","C:\Users\Administrator\AppData\Local\Discord\Update.exe --uninstall"
"DiagnosticsHub_CollectionService","17.10.34627","Microsoft Corporation","20240702","MsiExec.exe /I{92A47FAD-5C85-400C-8B00-698D4C5F7031}"
"DBeaver 24.1.1","24.1.1","DBeaver Corp",,"""C:\Program Files\DBeaver\Uninstall.exe"" /allusers"
"ClickOnce Bootstrapper Package for Microsoft .NET Framework","4.8.09037","Microsoft Corporation","20240702","MsiExec.exe /X{22E13608-4DB0-4977-A267-3AAFA09CD54A}"
"Aspire.ProjectTemplates (x64)","8.0.0.0","Microsoft Corporation","20240702","MsiExec.exe /X{CD32BC64-ADEF-41C1-B367-5CC7CA09FAAA}"
"Aspire.Hosting.Sdk (x64)","8.0.0.0","Microsoft Corporation","20240702","MsiExec.exe /X{FFC80575-73CC-4DF6-BD9C-E0542E60C94B}"
"Aspire.Hosting.Orchestration.win-x64 (x64)","8.0.0.0","Microsoft Corporation","20240702","MsiExec.exe /X{EE738BC3-F977-4ACF-9FF6-A8F1A84E580D}"
"Aspire.Hosting (x64)","8.0.0.0","Microsoft Corporation","20240702","MsiExec.exe /X{40D4DDD6-81C1-42C0-8A55-B37829EF2017}"
"Aspire.Dashboard.Sdk.win-x64 (x64)","8.0.0.0","Microsoft Corporation","20240702","MsiExec.exe /X{3C28F3D8-26EE-48F8-8335-E34882D9D114}"
"Application Verifier x64 External Package (OnecoreUAP)","10.1.22621.3233","Microsoft","20240702","MsiExec.exe /I{2C78EC40-921E-1C02-01FC-A1B6B0489B8C}"
"Application Verifier x64 External Package (DesktopEditions)","10.1.22621.3233","Microsoft","20240702","MsiExec.exe /I{C85A0AA9-2CF5-7B43-C078-4E8B7CE362D2}"
"1Password","8.10.35","AgileBits Inc.","2024-06-23","""C:\Users\Administrator\AppData\Local\1Password\app\8\1Password.exe"" --uninstall"
".NET MAUI Templates (x64)","8.0.40.0","Microsoft Corporation","20240702","MsiExec.exe /X{F7099045-0630-426D-ACC1-6D4A97648757}"
".NET MAUI SDK (x64)","8.0.40.0","Microsoft Corporation","20240702","MsiExec.exe /X{864DAC6D-E81C-44C9-BA4C-24AD3504BECE}"
".NET Android Templates (x64)","34.0.95.0","Microsoft Corporation","20240702","MsiExec.exe /X{925EE2B7-A9C6-4374-AC7E-B64F36997D56}"
